{"content":[{"id":"dde98e1","settings":{"stretch_section":"section-stretched","layout":"full_width","gap":"no"},"elements":[{"id":"5b40b378","settings":{"_column_size":100},"elements":[{"id":"6881aee7","settings":{"address":"London Eye, London, United Kingdom","height":{"unit":"px","size":400},"height_tablet":{"unit":"px","size":480},"height_mobile":{"unit":"px","size":320},"css_filters_hue":{"unit":"px","size":144}},"elements":[],"isInner":false,"widgetType":"google_maps","elType":"widget"}],"isInner":false,"elType":"column"}],"isInner":false,"elType":"section"},{"id":"35129aa1","settings":{"gap":"no","structure":"21"},"elements":[{"id":"3fe317dc","settings":{"_column_size":33,"_inline_size":null},"elements":[{"id":"3f36f733","settings":{"space":{"unit":"px","size":90}},"elements":[],"isInner":false,"widgetType":"spacer","elType":"widget"},{"id":"55fdd305","settings":{"title":"Contact Info.","header_size":"h5","typography_typography":"custom","typography_font_weight":"normal","__globals__":{"title_color":"globals\/colors?id=woostify_color_3"}},"elements":[],"isInner":false,"widgetType":"heading","elType":"widget"},{"id":"79c4c79","settings":{"editor":"<p>Some information that you may want to know<\/p>","typography_font_size":{"unit":"px","size":0},"__globals__":{"text_color":"globals\/colors?id=woostify_color_2"}},"elements":[],"isInner":false,"widgetType":"text-editor","elType":"widget"},{"id":"709f0c97","settings":{"editor":"<div class=\"woostify-contact-info\">\n<div class=\"contact-info-list\">\n\n<div class=\"contact-info-detail\">\n\n<label>Phone Number<\/label>\n<h6>+1 342 5860 282<\/h6>\n<\/div>\n<\/div>\n<div class=\"contact-info-list\">\n\n<div class=\"contact-info-detail\">\n\n<label>Address<\/label>\n<h6>168 Park Avenue<\/h6>\nGreenwich Village, NYC 1001 United State\n\n<\/div>\n<\/div>\n<div class=\"contact-info-list\">\n\n<div class=\"contact-info-detail\">\n\n<label>Email<\/label>\n<h6>hello@woostify.com<\/h6>\n<\/div>\n<\/div>\n<\/div>"},"elements":[],"isInner":false,"widgetType":"text-editor","elType":"widget"}],"isInner":false,"elType":"column"},{"id":"4fe97550","settings":{"_column_size":66,"_inline_size":null},"elements":[{"id":"5d77236e","settings":{"space":{"unit":"px","size":90}},"elements":[],"isInner":false,"widgetType":"spacer","elType":"widget"},{"id":"78580ed3","settings":{"title":"Leave Your Message","header_size":"h5","typography_typography":"custom","typography_font_weight":"normal","__globals__":{"title_color":"globals\/colors?id=woostify_color_3"}},"elements":[],"isInner":false,"widgetType":"heading","elType":"widget"},{"id":"4b674c9b","settings":{"editor":"<p>Feel free to contact with us by using the form below<\/p>","typography_font_size":{"unit":"px","size":12},"__globals__":{"text_color":"globals\/colors?id=woostify_color_2"}},"elements":[],"isInner":false,"widgetType":"text-editor","elType":"widget"},{"id":"5d5fa11f","settings":{"shortcode":"[contact-form-7 id=\"213\" title=\"Contact Form\"]"},"elements":[],"isInner":false,"widgetType":"shortcode","elType":"widget"}],"isInner":false,"elType":"column"}],"isInner":false,"elType":"section"},{"id":"3434bd33","settings":[],"elements":[{"id":"d4a32c4","settings":{"_column_size":100},"elements":[{"id":"4dcbac4f","settings":{"space":{"unit":"px","size":90}},"elements":[],"isInner":false,"widgetType":"spacer","elType":"widget"}],"isInner":false,"elType":"column"}],"isInner":false,"elType":"section"}],"page_settings":[],"version":"0.4","title":"Contact Woostify","type":"page"}